{
    "counter": {
        "ACTIVE": 357,
        "INACTIVE": 1,
        "INVALID": 0,
        "MALICIOUS": 0,
        "SANE": 0,
        "VALID": 0,
        "total": 358
    },
    "percentage": {
        "ACTIVE": 99.72067039106145,
        "INACTIVE": 1.7241379310344827,
        "INVALID": 0,
        "MALICIOUS": 0,
        "SANE": 0,
        "VALID": 0,
        "total": 101.44480832209592
    }
}