{
    "counter": {
        "ACTIVE": 213,
        "INACTIVE": 1,
        "INVALID": 0,
        "MALICIOUS": 0,
        "SANE": 0,
        "VALID": 0,
        "total": 214
    },
    "percentage": {
        "ACTIVE": 99.53271028037383,
        "INACTIVE": 1.2195121951219512,
        "INVALID": 0,
        "MALICIOUS": 0,
        "SANE": 0,
        "VALID": 0,
        "total": 100.75222247549578
    }
}