{
    "counter": {
        "ACTIVE": 181,
        "INACTIVE": 4,
        "INVALID": 0,
        "MALICIOUS": 0,
        "SANE": 0,
        "VALID": 0,
        "total": 185
    },
    "percentage": {
        "ACTIVE": 97.83783783783784,
        "INACTIVE": 4.878048780487805,
        "INVALID": 0,
        "MALICIOUS": 0,
        "SANE": 0,
        "VALID": 0,
        "total": 102.71588661832564
    }
}