{
    "counter": {
        "ACTIVE": 301,
        "INACTIVE": 1,
        "INVALID": 0,
        "MALICIOUS": 0,
        "SANE": 0,
        "VALID": 0,
        "total": 302
    },
    "percentage": {
        "ACTIVE": 99.66887417218543,
        "INACTIVE": 1.3333333333333333,
        "INVALID": 0,
        "MALICIOUS": 0,
        "SANE": 0,
        "VALID": 0,
        "total": 101.00220750551875
    }
}