{
    "counter": {
        "ACTIVE": 354,
        "INACTIVE": 2,
        "INVALID": 0,
        "MALICIOUS": 0,
        "SANE": 0,
        "VALID": 0,
        "total": 356
    },
    "percentage": {
        "ACTIVE": 99.43820224719101,
        "INACTIVE": 0.6006006006006006,
        "INVALID": 0,
        "MALICIOUS": 0,
        "SANE": 0,
        "VALID": 0,
        "total": 100.03880284779162
    }
}