{
    "counter": {
        "ACTIVE": 348,
        "INACTIVE": 4,
        "INVALID": 0,
        "MALICIOUS": 0,
        "SANE": 0,
        "VALID": 0,
        "total": 352
    },
    "percentage": {
        "ACTIVE": 98.86363636363636,
        "INACTIVE": 4.878048780487805,
        "INVALID": 0,
        "MALICIOUS": 0,
        "SANE": 0,
        "VALID": 0,
        "total": 103.74168514412416
    }
}