{
    "counter": {
        "ACTIVE": 379,
        "INACTIVE": 1,
        "INVALID": 0,
        "MALICIOUS": 0,
        "SANE": 0,
        "VALID": 0,
        "total": 380
    },
    "percentage": {
        "ACTIVE": 99.73684210526316,
        "INACTIVE": 0.3424657534246575,
        "INVALID": 0,
        "MALICIOUS": 0,
        "SANE": 0,
        "VALID": 0,
        "total": 100.07930785868783
    }
}