{
    "counter": {
        "ACTIVE": 382,
        "INACTIVE": 1,
        "INVALID": 0,
        "MALICIOUS": 0,
        "SANE": 0,
        "VALID": 0,
        "total": 383
    },
    "percentage": {
        "ACTIVE": 99.73890339425587,
        "INACTIVE": 0.29673590504451036,
        "INVALID": 0,
        "MALICIOUS": 0,
        "SANE": 0,
        "VALID": 0,
        "total": 100.03563929930039
    }
}