{
    "counter": {
        "ACTIVE": 379,
        "INACTIVE": 1,
        "INVALID": 0,
        "MALICIOUS": 0,
        "SANE": 0,
        "VALID": 0,
        "total": 380
    },
    "percentage": {
        "ACTIVE": 99.73684210526316,
        "INACTIVE": 1.2048192771084338,
        "INVALID": 0,
        "MALICIOUS": 0,
        "SANE": 0,
        "VALID": 0,
        "total": 100.94166138237159
    }
}