{
    "counter": {
        "ACTIVE": 353,
        "INACTIVE": 1,
        "INVALID": 0,
        "MALICIOUS": 0,
        "SANE": 0,
        "VALID": 0,
        "total": 354
    },
    "percentage": {
        "ACTIVE": 99.71751412429379,
        "INACTIVE": 0.31545741324921134,
        "INVALID": 0,
        "MALICIOUS": 0,
        "SANE": 0,
        "VALID": 0,
        "total": 100.03297153754299
    }
}