{
    "counter": {
        "ACTIVE": 375,
        "INACTIVE": 4,
        "INVALID": 0,
        "MALICIOUS": 0,
        "SANE": 0,
        "VALID": 0,
        "total": 379
    },
    "percentage": {
        "ACTIVE": 98.94459102902374,
        "INACTIVE": 4.878048780487805,
        "INVALID": 0,
        "MALICIOUS": 0,
        "SANE": 0,
        "VALID": 0,
        "total": 103.82263980951154
    }
}