{
    "counter": {
        "ACTIVE": 352,
        "INACTIVE": 1,
        "INVALID": 0,
        "MALICIOUS": 0,
        "SANE": 0,
        "VALID": 0,
        "total": 353
    },
    "percentage": {
        "ACTIVE": 99.71671388101983,
        "INACTIVE": 1.2048192771084338,
        "INVALID": 0,
        "MALICIOUS": 0,
        "SANE": 0,
        "VALID": 0,
        "total": 100.92153315812826
    }
}