{
    "counter": {
        "ACTIVE": 286,
        "INACTIVE": 1,
        "INVALID": 0,
        "MALICIOUS": 0,
        "SANE": 0,
        "VALID": 0,
        "total": 287
    },
    "percentage": {
        "ACTIVE": 99.65156794425087,
        "INACTIVE": 1.8181818181818181,
        "INVALID": 0,
        "MALICIOUS": 0,
        "SANE": 0,
        "VALID": 0,
        "total": 101.46974976243268
    }
}